{
  "x": -1101.66272,
  "y": 11.7797384,
  "z": 1049.97046
}