{
  "x": -415.462982,
  "y": 8.892694,
  "z": 1335.33582
}