{
  "x": 1318.60352,
  "y": 3.021434,
  "z": 1412.0896
}