{
  "x": -530.467834,
  "y": 2.630869,
  "z": 1093.00183
}