{
  "TimerTextPosition": {
    "x": 13.4639893,
    "y": -1.5453186,
    "z": 7.831543
  },
  "PlayerSpawnPosition": {
    "x": 0.0,
    "y": 0.0,
    "z": 0.0
  }
}